,Symbol,LTP,Point Change,% Change,Open,High,Low,Volume,Prev. Close
0,ADBL,                                        309.00,                                        -2.70,                                        -0.87,                                        312.00,                                        315.00,                                        308.00,"                                        25,574.00",                                        311.70
1,ADLB,                                        338.10,                                        6.60,                                        1.99,                                        338.10,                                        338.10,                                        338.10,                                        10.00,                                        331.50
2,AHPC,                                        270.00,                                        -2.80,                                        -1.03,                                        270.00,                                        272.90,                                        269.00,"                                        20,484.00",                                        272.80
3,AIL,                                        405.00,                                        -4.00,                                        -0.98,                                        406.50,                                        411.00,                                        405.00,"                                        1,360.00",                                        409.00
4,AKJCL,                                        169.90,                                        -1.20,                                        -0.70,                                        173.00,                                        173.00,                                        168.50,"                                        15,817.00",                                        171.10
5,AKPL,                                        347.80,                                        1.80,                                        0.52,                                        349.10,                                        349.10,                                        342.50,"                                        16,147.00",                                        346.00
6,ALBSL,                                        906.00,                                        -4.00,                                        -0.44,                                        911.00,                                        918.00,                                        901.00,                                        188.00,                                        910.00
7,ALICL,                                        512.10,                                        -7.90,                                        -1.52,                                        513.00,                                        518.00,                                        511.10,"                                        7,300.00",                                        520.00
8,API,                                        209.50,                                        -1.30,                                        -0.62,                                        211.10,                                        214.00,                                        209.00,"                                        46,265.00",                                        210.80
9,AVYAN,                                        705.00,                                        -1.00,                                        -0.14,                                        706.00,                                        710.00,                                        703.50,"                                        1,425.00",                                        706.00
10,BARUN,                                        203.90,                                        -1.10,                                        -0.54,                                        203.10,                                        206.80,                                        201.00,"                                        15,060.00",                                        205.00
11,BBC,"                                        3,240.00",                                        -10.00,                                        -0.31,"                                        3,190.00","                                        3,240.00","                                        3,190.00",                                        48.00,"                                        3,250.00"
12,BFC,                                        309.00,                                        -1.50,                                        -0.48,                                        316.70,                                        316.70,                                        306.00,"                                        4,172.00",                                        310.50
13,BHDC,                                        343.50,                                        0.40,                                        0.12,                                        340.10,                                        346.50,                                        337.10,"                                        3,370.00",                                        343.10
14,BHL,                                        247.00,                                        -2.90,                                        -1.16,                                        245.00,                                        251.00,                                        242.30,"                                        2,618.00",                                        249.90
15,BNHC,                                        332.00,                                        -4.20,                                        -1.25,                                        330.30,                                        348.90,                                        330.30,                                        280.00,                                        336.20
16,BNT,"                                        12,543.10",                                        -255.90,                                        -2.00,"                                        12,551.00","                                        12,551.00","                                        12,543.10",                                        60.00,"                                        12,799.00"
17,BOKL,                                        216.80,                                        -10.30,                                        -4.54,                                        218.00,                                        224.00,                                        214.20,"                                        47,106.00",                                        227.10
18,BPCL,                                        305.10,                                        -2.90,                                        -0.94,                                        304.90,                                        307.00,                                        304.90,"                                        3,829.00",                                        308.00
19,CBBL,"                                        1,112.00",                                        -2.00,                                        -0.18,"                                        1,115.00","                                        1,119.00","                                        1,108.00","                                        3,828.00","                                        1,114.00"
20,CBL,                                        218.90,                                        -1.90,                                        -0.86,                                        219.00,                                        222.00,                                        218.90,"                                        24,694.00",                                        220.80
21,CCBL,                                        184.90,                                        -1.70,                                        -0.91,                                        185.00,                                        186.00,                                        184.70,"                                        16,476.00",                                        186.60
22,CFCL,                                        300.00,                                        -5.00,                                        -1.64,                                        302.00,                                        310.00,                                        300.00,"                                        8,257.00",                                        305.00
23,CGH,"                                        1,005.00",                                        3.00,                                        0.30,                                        995.00,"                                        1,020.00",                                        995.00,"                                        2,775.00","                                        1,002.00"
24,CHCL,                                        381.00,                                        -6.00,                                        -1.55,                                        390.00,                                        399.00,                                        380.10,"                                        39,436.00",                                        387.00
25,CHDC,                                        655.00,                                        -1.00,                                        -0.15,                                        668.70,                                        668.70,                                        645.00,"                                        9,216.00",                                        656.00
26,CHL,                                        210.50,                                        -1.30,                                        -0.61,                                        211.00,                                        213.00,                                        207.00,"                                        3,553.00",                                        211.80
27,CIT,"                                        1,878.10",                                        -3.90,                                        -0.21,"                                        1,883.00","                                        1,890.00","                                        1,867.00","                                        6,946.00","                                        1,882.00"
28,CLBSL,                                        766.00,                                        -14.00,                                        -1.79,                                        767.00,                                        770.00,                                        766.00,                                        205.00,                                        780.00
29,CMF1,                                        7.21,                                        -0.59,                                        -7.56,                                        7.65,                                        7.65,                                        7.21,"                                        69,120.00",                                        7.80
30,CMF2,                                        8.18,                                        -0.17,                                        -2.04,                                        8.19,                                        8.19,                                        8.18,"                                        1,300.00",                                        8.35
31,CORBL,                                        274.00,                                        -1.00,                                        -0.36,                                        275.00,                                        275.00,                                        270.00,                                        863.00,                                        275.00
32,CZBIL,                                        180.70,                                        -0.80,                                        -0.44,                                        184.00,                                        184.00,                                        180.60,"                                        19,377.00",                                        181.50
33,DDBL,"                                        1,046.00",                                        22.00,                                        2.15,"                                        1,040.00","                                        1,054.00","                                        1,030.00","                                        17,852.00","                                        1,024.00"
34,DHPL,                                        175.00,                                        -4.00,                                        -2.23,                                        178.00,                                        178.00,                                        172.10,"                                        4,473.00",                                        179.00
35,DLBS,                                        355.00,                                        6.90,                                        1.98,                                        355.00,                                        355.00,                                        355.00,                                        14.00,                                        348.10
36,DORDI,                                        234.00,                                        -5.90,                                        -2.46,                                        236.00,                                        240.00,                                        234.00,"                                        2,718.00",                                        239.90
37,EBL,                                        450.00,                                        -3.20,                                        -0.71,                                        446.00,                                        453.00,                                        446.00,"                                        11,718.00",                                        453.20
38,EDBL,                                        306.00,                                        -3.30,                                        -1.07,                                        304.00,                                        309.00,                                        304.00,"                                        13,664.00",                                        309.30
39,ENL,                                        572.00,                                        -9.00,                                        -1.55,                                        581.00,                                        590.00,                                        572.00,                                        730.00,                                        581.00
40,FMDBL,                                        698.00,                                        -2.10,                                        -0.30,                                        714.10,                                        714.10,                                        698.00,"                                        8,843.00",                                        700.10
41,FOWAD,"                                        2,610.00",                                        0.00,                                        0.00,"                                        2,580.00","                                        2,630.00","                                        2,580.00","                                        1,201.00","                                        2,610.00"
42,GBBL,                                        382.50,                                        -0.50,                                        -0.13,                                        383.00,                                        385.00,                                        381.70,"                                        14,682.00",                                        383.00
43,GBIME,                                        221.40,                                        -22.68,                                        -9.29,                                        240.00,                                        240.00,                                        220.00,"                                        143,676.00",                                        244.08
44,GBLBS,                                        586.20,                                        -7.80,                                        -1.31,                                        585.00,                                        592.90,                                        583.90,                                        470.00,                                        594.00
45,GFCL,                                        440.00,                                        -6.20,                                        -1.39,                                        438.50,                                        449.90,                                        438.50,"                                        4,287.00",                                        446.20
46,GHL,                                        196.00,                                        -2.90,                                        -1.46,                                        202.00,                                        202.00,                                        192.00,"                                        11,344.00",                                        198.90
47,GIBF1,                                        8.40,                                        0.07,                                        0.84,                                        8.25,                                        8.40,                                        8.24,"                                        2,250.00",                                        8.33
48,GILB,"                                        1,150.00",                                        10.00,                                        0.88,"                                        1,137.00","                                        1,150.00","                                        1,137.00",                                        190.00,"                                        1,140.00"
49,GIMES1,                                        8.45,                                        -0.04,                                        -0.47,                                        8.44,                                        8.50,                                        8.44,"                                        51,889.00",                                        8.49
50,GLBSL,                                        781.00,                                        -10.00,                                        -1.26,                                        780.10,                                        790.00,                                        780.10,                                        97.00,                                        791.00
51,GLH,                                        241.00,                                        -3.00,                                        -1.23,                                        248.80,                                        258.70,                                        235.40,"                                        3,023.00",                                        244.00
52,GMFBS,                                        801.00,                                        15.00,                                        1.91,                                        801.00,                                        801.00,                                        801.00,                                        10.00,                                        786.00
53,GMFIL,                                        312.00,                                        -6.00,                                        -1.89,                                        313.50,                                        315.00,                                        312.00,"                                        5,250.00",                                        318.00
54,GRDBL,                                        228.00,                                        -3.60,                                        -1.55,                                        227.00,                                        230.90,                                        227.00,"                                        1,890.00",                                        231.60
55,GUFL,                                        524.00,                                        -5.90,                                        -1.11,                                        521.50,                                        537.90,                                        517.00,"                                        24,224.00",                                        529.90
56,GVL,                                        305.00,                                        12.90,                                        4.42,                                        290.30,                                        311.00,                                        290.30,"                                        33,382.00",                                        292.10
57,GWFD83,"                                        1,006.00",                                        1.00,                                        0.10,"                                        1,006.00","                                        1,006.00","                                        1,006.00",                                        25.00,"                                        1,005.00"
58,HBL,                                        329.70,                                        -8.80,                                        -2.60,                                        331.90,                                        331.90,                                        319.00,"                                        2,853.00",                                        338.50
59,HDHPC,                                        177.00,                                        -2.00,                                        -1.12,                                        182.00,                                        182.00,                                        176.00,"                                        53,776.00",                                        179.00
60,HDL,"                                        3,845.00",                                        28.00,                                        0.73,"                                        3,870.00","                                        3,870.00","                                        3,820.00","                                        9,878.00","                                        3,817.00"
61,HEI,                                        363.50,                                        -3.00,                                        -0.82,                                        360.20,                                        367.00,                                        360.10,"                                        10,910.00",                                        366.50
62,HEIP,                                        245.00,                                        -6.90,                                        -2.74,                                        250.00,                                        254.50,                                        245.00,"                                        14,332.00",                                        251.90
63,HHL,                                        215.20,                                        -4.80,                                        -2.18,                                        216.10,                                        218.90,                                        215.00,"                                        6,045.00",                                        220.00
64,HIDCL,                                        167.00,                                        -0.50,                                        -0.30,                                        167.50,                                        169.00,                                        166.20,"                                        24,352.00",                                        167.50
65,HIDCLP,                                        96.70,                                        -1.20,                                        -1.23,                                        98.00,                                        98.00,                                        96.70,"                                        6,240.00",                                        97.90
66,HPPL,                                        247.40,                                        -2.60,                                        -1.04,                                        245.00,                                        250.00,                                        245.00,"                                        7,062.00",                                        250.00
67,HURJA,                                        203.00,                                        -1.00,                                        -0.49,                                        203.00,                                        207.90,                                        202.00,                                        945.00,                                        204.00
68,ICFC,                                        424.00,                                        -6.00,                                        -1.40,                                        435.00,                                        435.00,                                        424.00,"                                        8,130.00",                                        430.00
69,ICFCD83,"                                        1,025.00",                                        5.00,                                        0.49,"                                        1,025.00","                                        1,025.00","                                        1,025.00",                                        125.00,"                                        1,020.00"
70,IGI,                                        363.00,                                        -2.00,                                        -0.55,                                        361.20,                                        364.00,                                        358.30,"                                        6,605.00",                                        365.00
71,ILBS,                                        897.00,                                        1.00,                                        0.11,                                        880.00,                                        897.00,                                        880.00,                                        189.00,                                        896.00
72,JALPA,"                                        3,410.00",                                        -5.00,                                        -0.15,"                                        3,380.00","                                        3,449.00","                                        3,380.00","                                        1,136.00","                                        3,415.00"
73,JBBL,                                        277.00,                                        -5.00,                                        -1.77,                                        278.10,                                        282.00,                                        277.00,"                                        20,065.00",                                        282.00
74,JBLB,"                                        2,772.00",                                        -13.00,                                        -0.47,"                                        2,757.00","                                        2,815.00","                                        2,757.00","                                        2,311.00","                                        2,785.00"
75,JFL,                                        377.00,                                        -1.00,                                        -0.26,                                        370.50,                                        381.90,                                        370.50,"                                        4,114.00",                                        378.00
76,JOSHI,                                        183.50,                                        -3.50,                                        -1.87,                                        190.00,                                        193.90,                                        180.00,"                                        21,469.00",                                        187.00
77,JSLBB,"                                        1,599.00",                                        -8.40,                                        -0.52,"                                        1,615.00","                                        1,615.00","                                        1,580.00",                                        289.00,"                                        1,607.40"
78,KBL,                                        184.00,                                        -0.70,                                        -0.38,                                        184.00,                                        187.00,                                        182.00,"                                        32,594.00",                                        184.70
79,KBLD86,                                        914.60,                                        0.00,                                        0.00,                                        914.60,                                        914.60,                                        914.60,                                        40.00,                                        914.60
80,KDBY,                                        8.58,                                        0.42,                                        5.15,                                        8.00,                                        8.62,                                        8.00,"                                        1,900.00",                                        8.16
81,KEF,                                        8.22,                                        0.15,                                        1.86,                                        8.02,                                        8.22,                                        8.02,"                                        5,225.00",                                        8.07
82,KKHC,                                        178.00,                                        -3.20,                                        -1.77,                                        184.00,                                        184.00,                                        178.00,"                                        3,418.00",                                        181.20
83,KLBS,                                        440.50,                                        25.30,                                        6.09,                                        423.50,                                        440.50,                                        423.50,                                        30.00,                                        415.20
84,KLBSL,                                        780.00,                                        -1.00,                                        -0.13,                                        770.00,                                        785.40,                                        770.00,                                        144.00,                                        781.00
85,KMCDB,                                        875.10,                                        -18.90,                                        -2.11,                                        880.10,                                        889.00,                                        870.00,                                        909.00,                                        894.00
86,KPCL,                                        318.00,                                        -1.00,                                        -0.31,                                        325.30,                                        325.30,                                        314.10,"                                        2,916.00",                                        319.00
87,KRBL,                                        248.50,                                        -6.50,                                        -2.55,                                        258.00,                                        258.00,                                        246.10,"                                        15,011.00",                                        255.00
88,KSBBL,                                        305.00,                                        -4.00,                                        -1.29,                                        308.00,                                        309.00,                                        305.00,"                                        13,320.00",                                        309.00
89,LBBL,                                        324.00,                                        -1.10,                                        -0.34,                                        322.00,                                        325.00,                                        320.00,"                                        14,799.00",                                        325.10
90,LBL,                                        200.00,                                        1.10,                                        0.55,                                        198.90,                                        200.00,                                        198.00,"                                        3,458.00",                                        198.90
91,LEC,                                        216.00,                                        0.00,                                        0.00,                                        215.00,                                        216.00,                                        213.00,"                                        1,748.00",                                        216.00
92,LEMF,                                        7.80,                                        0.11,                                        1.43,                                        7.84,                                        7.99,                                        7.80,"                                        4,750.00",                                        7.69
93,LICN,"                                        1,417.90",                                        -32.10,                                        -2.21,"                                        1,469.00","                                        1,469.00","                                        1,415.20","                                        5,272.00","                                        1,450.00"
94,LLBS,"                                        1,047.00",                                        -5.00,                                        -0.48,"                                        1,052.00","                                        1,055.00","                                        1,047.00",                                        188.00,"                                        1,052.00"
95,LUK,                                        7.95,                                        0.07,                                        0.89,                                        7.95,                                        7.95,                                        7.95,                                        100.00,                                        7.88
96,MBJC,                                        209.80,                                        -2.20,                                        -1.04,                                        208.20,                                        212.00,                                        208.20,"                                        3,135.00",                                        212.00
97,MBL,                                        220.00,                                        -1.00,                                        -0.45,                                        221.00,                                        221.00,                                        219.00,"                                        11,732.00",                                        221.00
98,MDB,                                        383.50,                                        -2.50,                                        -0.65,                                        392.00,                                        392.00,                                        383.20,"                                        6,657.00",                                        386.00
99,MEGA,                                        212.80,                                        -1.60,                                        -0.75,                                        214.00,                                        216.00,                                        212.60,"                                        39,069.00",                                        214.40
100,MEGAPO,                                        124.00,                                        4.00,                                        3.33,                                        124.00,                                        124.00,                                        124.00,"                                        115,865.00",                                        120.00
101,MEN,                                        739.00,                                        -2.70,                                        -0.36,                                        727.00,                                        739.00,                                        717.00,"                                        4,055.00",                                        741.70
102,MERO,                                        770.00,                                        -7.90,                                        -1.02,                                        765.00,                                        780.30,                                        763.00,"                                        1,809.00",                                        777.90
103,MFIL,                                        419.00,                                        -7.00,                                        -1.64,                                        429.00,                                        429.00,                                        417.00,"                                        13,813.00",                                        426.00
104,MHL,                                        314.10,                                        -0.90,                                        -0.29,                                        308.90,                                        315.10,                                        308.90,"                                        1,779.00",                                        315.00
105,MHNL,                                        252.90,                                        -0.10,                                        -0.04,                                        255.00,                                        255.00,                                        248.20,"                                        12,643.00",                                        253.00
106,MKJC,                                        400.00,                                        1.70,                                        0.43,                                        394.00,                                        402.90,                                        394.00,"                                        2,790.00",                                        398.30
107,MKLB,                                        834.20,                                        -15.80,                                        -1.86,                                        836.00,                                        849.00,                                        834.20,                                        156.00,                                        850.00
108,MLBBL,"                                        1,010.00",                                        0.00,                                        0.00,"                                        1,010.00","                                        1,010.00","                                        1,010.00",                                        69.00,"                                        1,010.00"
109,MLBL,                                        341.00,                                        -1.50,                                        -0.44,                                        345.00,                                        345.40,                                        340.10,"                                        18,189.00",                                        342.50
110,MLBS,                                        994.70,                                        -25.30,                                        -2.48,"                                        1,036.00","                                        1,036.00",                                        994.70,                                        465.00,"                                        1,020.00"
111,MLBSL,"                                        4,005.00",                                        1.00,                                        0.02,"                                        3,976.00","                                        4,049.00","                                        3,976.00",                                        623.00,"                                        4,004.00"
112,MMF1,                                        7.07,                                        -0.20,                                        -2.75,                                        7.26,                                        7.26,                                        7.07,"                                        3,200.00",                                        7.27
113,MMFDB,                                        894.00,                                        1.00,                                        0.11,                                        900.00,                                        905.00,                                        893.00,                                        208.00,                                        893.00
114,MNBBL,                                        422.50,                                        -2.50,                                        -0.59,                                        431.00,                                        431.00,                                        421.00,"                                        6,294.00",                                        425.00
115,MPFL,                                        298.00,                                        -8.00,                                        -2.61,                                        302.20,                                        303.00,                                        294.10,"                                        6,001.00",                                        306.00
116,MSLB,"                                        1,009.40",                                        -5.60,                                        -0.55,"                                        1,035.30","                                        1,035.30","                                        1,009.40",                                        586.00,"                                        1,015.00"
117,NABBC,                                        348.10,                                        -17.80,                                        -4.86,                                        369.70,                                        369.70,                                        348.10,"                                        1,530.00",                                        365.90
118,NABIL,                                        881.00,                                        -7.00,                                        -0.79,                                        884.00,                                        890.00,                                        879.00,"                                        51,341.00",                                        888.00
119,NADEP,                                        779.30,                                        -86.53,                                        -9.99,                                        883.10,                                        883.10,                                        779.30,"                                        1,984.00",                                        865.83
120,NBF2,                                        7.89,                                        -0.16,                                        -1.99,                                        7.89,                                        7.89,                                        7.89,"                                        1,650.00",                                        8.05
121,NBF3,                                        7.42,                                        -0.01,                                        -0.13,                                        7.49,                                        7.50,                                        7.37,"                                        1,800.00",                                        7.43
122,NBL,                                        275.50,                                        -2.50,                                        -0.90,                                        278.00,                                        280.00,                                        275.50,"                                        29,175.00",                                        278.00
123,NBLD87,                                        862.40,                                        -17.60,                                        -2.00,                                        862.40,                                        862.40,                                        862.40,                                        50.00,                                        880.00
124,NCCB,                                        181.80,                                        -1.00,                                        -0.55,                                        181.10,                                        183.40,                                        181.00,"                                        42,276.00",                                        182.80
125,NCCD86,                                        900.00,                                        -4.90,                                        -0.54,                                        900.00,                                        900.00,                                        900.00,                                        50.00,                                        904.90
126,NEF,                                        8.00,                                        0.00,                                        0.00,                                        7.96,                                        8.10,                                        7.96,"                                        8,400.00",                                        8.00
127,NESDO,"                                        3,390.00",                                        55.00,                                        1.65,"                                        3,400.00","                                        3,403.00","                                        3,326.00","                                        4,045.00","                                        3,335.00"
128,NFS,                                        260.00,                                        -1.90,                                        -0.73,                                        260.00,                                        260.00,                                        251.60,"                                        11,665.00",                                        261.90
129,NGPL,                                        205.90,                                        -3.10,                                        -1.48,                                        210.00,                                        214.00,                                        205.90,"                                        57,328.00",                                        209.00
130,NHDL,                                        315.40,                                        -4.60,                                        -1.44,                                        314.00,                                        319.90,                                        314.00,"                                        2,983.00",                                        320.00
131,NHPC,                                        198.10,                                        -3.90,                                        -1.93,                                        203.00,                                        204.00,                                        198.00,"                                        30,937.00",                                        202.00
132,NIB,                                        235.00,                                        -7.12,                                        -2.94,                                        242.10,                                        242.10,                                        234.00,"                                        27,482.00",                                        242.12
133,NIBLPF,                                        8.10,                                        0.14,                                        1.76,                                        8.00,                                        8.10,                                        8.00,"                                        2,975.00",                                        7.96
134,NIBPO,                                        226.00,                                        -1.30,                                        -0.57,                                        222.80,                                        226.00,                                        214.10,                                        142.00,                                        227.30
135,NIBSF2,                                        7.10,                                        -0.10,                                        -1.39,                                        7.08,                                        7.10,                                        7.08,                                        620.00,                                        7.20
136,NICA,                                        688.30,                                        -4.70,                                        -0.68,                                        686.00,                                        699.00,                                        686.00,"                                        36,633.00",                                        693.00
137,NICBF,                                        8.48,                                        -0.07,                                        -0.82,                                        8.50,                                        8.50,                                        8.46,"                                        21,700.00",                                        8.55
138,NICFC,                                        7.86,                                        0.06,                                        0.77,                                        7.70,                                        7.95,                                        7.70,"                                        2,420.00",                                        7.80
139,NICGF,                                        9.01,                                        -0.16,                                        -1.74,                                        9.01,                                        9.01,                                        9.00,"                                        6,380.00",                                        9.17
140,NICL,                                        416.50,                                        -7.50,                                        -1.77,                                        424.00,                                        425.00,                                        416.50,"                                        1,503.00",                                        424.00
141,NICLBSL,                                        720.00,                                        -9.00,                                        -1.23,                                        723.00,                                        729.00,                                        716.00,"                                        2,288.00",                                        729.00
142,NICSF,                                        7.93,                                        0.19,                                        2.45,                                        7.64,                                        7.93,                                        7.64,"                                        4,700.00",                                        7.74
143,NIFRA,                                        185.00,                                        -0.70,                                        -0.38,                                        189.00,                                        189.00,                                        185.00,"                                        38,424.00",                                        185.70
144,NIL,                                        715.00,                                        -5.00,                                        -0.69,                                        722.00,                                        722.00,                                        711.10,"                                        4,685.00",                                        720.00
145,NLBBL,                                        815.10,                                        -8.10,                                        -0.98,                                        820.00,                                        823.00,                                        815.00,"                                        1,349.00",                                        823.20
146,NLG,                                        479.00,                                        -6.90,                                        -1.42,                                        486.00,                                        486.60,                                        477.00,"                                        4,480.00",                                        485.90
147,NLIC,                                        612.30,                                        -5.90,                                        -0.95,                                        615.00,                                        621.00,                                        610.00,"                                        21,956.00",                                        618.20
148,NLICL,                                        505.00,                                        -6.00,                                        -1.17,                                        516.00,                                        516.00,                                        504.00,"                                        5,883.00",                                        511.00
149,NMB,                                        234.50,                                        -2.20,                                        -0.93,                                        241.40,                                        241.40,                                        232.60,"                                        50,940.00",                                        236.70
150,NMB50,                                        8.55,                                        -0.20,                                        -2.29,                                        8.76,                                        8.76,                                        8.55,"                                        100,214.00",                                        8.75
151,NMBHF1,                                        9.15,                                        0.00,                                        0.00,                                        9.25,                                        9.25,                                        8.81,"                                        45,974.00",                                        9.15
152,NMBMF,                                        666.10,                                        -8.90,                                        -1.32,                                        675.00,                                        675.00,                                        666.00,"                                        1,286.00",                                        675.00
153,NMFBS,"                                        2,060.00",                                        60.00,                                        3.00,"                                        2,040.00","                                        2,162.00","                                        1,983.00","                                        9,808.00","                                        2,000.00"
154,NRIC,                                        688.10,                                        -8.70,                                        -1.25,                                        685.10,                                        735.00,                                        685.10,"                                        18,538.00",                                        696.80
155,NRN,                                        408.80,                                        -1.20,                                        -0.29,                                        401.90,                                        408.90,                                        401.90,"                                        7,633.00",                                        410.00
156,NSLB,                                        750.00,                                        -10.00,                                        -1.32,                                        745.00,                                        750.10,                                        745.00,                                        236.00,                                        760.00
157,NTC,                                        868.60,                                        -3.40,                                        -0.39,                                        861.00,                                        878.00,                                        861.00,"                                        9,359.00",                                        872.00
158,NUBL,                                        895.00,                                        -1.90,                                        -0.21,                                        903.00,                                        905.00,                                        886.00,"                                        3,509.00",                                        896.90
159,NYADI,                                        274.00,                                        2.30,                                        0.85,                                        270.00,                                        280.50,                                        270.00,"                                        1,747.00",                                        271.70
160,OHL,                                        490.00,                                        0.00,                                        0.00,                                        482.00,                                        490.00,                                        481.10,                                        760.00,                                        490.00
161,PBD88,                                        833.90,                                        6.90,                                        0.83,                                        832.70,                                        833.90,                                        832.70,                                        50.00,                                        827.00
162,PCBL,                                        226.90,                                        -1.00,                                        -0.44,                                        223.40,                                        227.90,                                        223.40,"                                        22,302.00",                                        227.90
163,PFL,                                        334.80,                                        -4.80,                                        -1.41,                                        332.90,                                        335.00,                                        331.10,"                                        1,845.00",                                        339.60
164,PIC,                                        520.00,                                        -15.00,                                        -2.80,                                        526.10,                                        530.00,                                        520.00,"                                        1,769.00",                                        535.00
165,PICL,                                        345.00,                                        -3.00,                                        -0.86,                                        352.00,                                        352.00,                                        345.00,"                                        1,201.00",                                        348.00
166,PMHPL,                                        197.00,                                        -1.50,                                        -0.76,                                        201.00,                                        201.00,                                        195.00,"                                        2,406.00",                                        198.50
167,PPCL,                                        294.00,                                        -4.10,                                        -1.38,                                        295.00,                                        300.00,                                        294.00,"                                        7,755.00",                                        298.10
168,PPL,                                        201.50,                                        -3.00,                                        -1.47,                                        200.80,                                        205.00,                                        200.80,"                                        6,620.00",                                        204.50
169,PRIN,                                        419.00,                                        3.00,                                        0.72,                                        413.20,                                        421.00,                                        413.00,"                                        1,106.00",                                        416.00
170,PROFL,                                        281.00,                                        -4.00,                                        -1.40,                                        290.00,                                        290.70,                                        279.30,"                                        6,989.00",                                        285.00
171,PRVU,                                        202.90,                                        -0.30,                                        -0.15,                                        204.00,                                        204.80,                                        201.50,"                                        43,142.00",                                        203.20
172,PSF,                                        7.71,                                        0.03,                                        0.39,                                        7.71,                                        7.75,                                        7.71,"                                        2,600.00",                                        7.68
173,RADHI,                                        216.00,                                        -3.90,                                        -1.77,                                        216.00,                                        220.00,                                        212.00,"                                        2,003.00",                                        219.90
174,RBCL,"                                        12,561.00",                                        11.00,                                        0.09,"                                        12,749.00","                                        12,750.00","                                        12,561.00",                                        80.00,"                                        12,550.00"
175,RBCLPO,"                                        9,951.00",                                        -150.00,                                        -1.49,"                                        10,101.00","                                        10,101.00","                                        9,951.00",                                        30.00,"                                        10,101.00"
176,RFPL,                                        229.00,                                        -0.40,                                        -0.17,                                        225.10,                                        238.00,                                        225.10,"                                        6,820.00",                                        229.40
177,RHGCL,                                        208.00,                                        -4.90,                                        -2.30,                                        217.10,                                        217.10,                                        206.20,"                                        2,910.00",                                        212.90
178,RHPL,                                        225.20,                                        -1.80,                                        -0.79,                                        231.50,                                        231.50,                                        225.10,"                                        11,030.00",                                        227.00
179,RIDI,                                        494.10,                                        -3.90,                                        -0.78,                                        507.90,                                        507.90,                                        493.20,"                                        66,788.00",                                        498.00
180,RLFL,                                        297.00,                                        -3.00,                                        -1.00,                                        300.00,                                        300.00,                                        297.00,"                                        6,007.00",                                        300.00
181,RMDC,                                        973.00,                                        -7.00,                                        -0.71,                                        984.00,                                        984.00,                                        955.00,"                                        18,987.00",                                        980.00
182,RMF1,                                        7.75,                                        0.11,                                        1.44,                                        7.75,                                        7.79,                                        7.75,                                        430.00,                                        7.64
183,RSDC,                                        528.10,                                        -17.90,                                        -3.28,                                        535.50,                                        545.00,                                        528.10,"                                        1,629.00",                                        546.00
184,RULB,                                        884.10,                                        -13.90,                                        -1.55,                                        880.20,                                        890.00,                                        880.20,                                        798.00,                                        898.00
185,RURU,                                        715.00,                                        9.40,                                        1.33,                                        719.00,                                        719.00,                                        705.00,"                                        1,529.00",                                        705.60
186,SABSL,                                        901.60,                                        -18.40,                                        -2.00,                                        908.10,                                        925.00,                                        901.60,                                        892.00,                                        920.00
187,SADBL,                                        297.30,                                        -5.00,                                        -1.65,                                        302.30,                                        307.90,                                        297.00,"                                        11,083.00",                                        302.30
188,SADBLP,                                        157.00,                                        0.00,                                        0.00,                                        157.00,                                        157.00,                                        157.00,"                                        19,710.00",                                        157.00
189,SAEF,                                        9.72,                                        -0.12,                                        -1.22,                                        9.75,                                        9.75,                                        9.68,"                                        25,925.00",                                        9.84
190,SAHAS,                                        442.00,                                        -3.00,                                        -0.67,                                        439.00,                                        450.00,                                        439.00,"                                        7,871.00",                                        445.00
191,SANIMA,                                        234.10,                                        -4.80,                                        -2.01,                                        238.00,                                        239.00,                                        234.00,"                                        13,811.00",                                        238.90
192,SAPDBL,                                        218.80,                                        -4.20,                                        -1.88,                                        223.00,                                        223.00,                                        217.60,"                                        4,851.00",                                        223.00
193,SBCF,                                        7.15,                                        -0.01,                                        -0.14,                                        7.15,                                        7.26,                                        7.15,"                                        21,906.00",                                        7.16
194,SBI,                                        286.00,                                        0.00,                                        0.00,                                        289.90,                                        290.00,                                        281.50,"                                        6,612.00",                                        286.00
195,SBID83,                                        896.00,                                        -1.10,                                        -0.12,                                        895.00,                                        896.00,                                        895.00,                                        95.00,                                        897.10
196,SBL,                                        320.00,                                        1.10,                                        0.34,                                        325.00,                                        326.80,                                        319.50,"                                        48,314.00",                                        318.90
197,SCB,                                        402.70,                                        -3.80,                                        -0.93,                                        407.00,                                        407.10,                                        401.20,"                                        7,278.00",                                        406.50
198,SDLBSL,                                        930.00,                                        -34.00,                                        -3.53,                                        944.80,                                        944.80,                                        927.10,                                        394.00,                                        964.00
199,SEF,                                        8.17,                                        0.15,                                        1.87,                                        8.02,                                        8.17,                                        8.01,"                                        1,200.00",                                        8.02
200,SFCL,                                        261.90,                                        -0.10,                                        -0.04,                                        257.00,                                        263.00,                                        257.00,"                                        6,159.00",                                        262.00
201,SFMF,                                        8.90,                                        -0.22,                                        -2.41,                                        8.95,                                        9.08,                                        8.90,"                                        46,355.00",                                        9.12
202,SGHC,                                        251.70,                                        -1.20,                                        -0.47,                                        250.00,                                        256.00,                                        246.00,"                                        8,007.00",                                        252.90
203,SHEL,                                        234.00,                                        4.00,                                        1.74,                                        228.00,                                        234.00,                                        226.00,"                                        1,690.00",                                        230.00
204,SHINE,                                        326.00,                                        -4.00,                                        -1.21,                                        330.00,                                        332.00,                                        326.00,"                                        35,916.00",                                        330.00
205,SHIVM,                                        551.80,                                        -28.20,                                        -4.86,                                        586.00,                                        586.00,                                        550.00,"                                        245,607.00",                                        580.00
206,SHL,                                        216.00,                                        -0.70,                                        -0.32,                                        218.00,                                        219.00,                                        216.00,"                                        13,400.00",                                        216.70
207,SHPC,                                        275.00,                                        -1.30,                                        -0.47,                                        276.00,                                        279.00,                                        273.20,"                                        21,460.00",                                        276.30
208,SICL,                                        777.00,                                        -3.00,                                        -0.38,                                        795.00,                                        795.00,                                        770.00,"                                        4,920.00",                                        780.00
209,SIFC,                                        301.00,                                        -7.90,                                        -2.56,                                        303.10,                                        306.00,                                        299.00,"                                        5,115.00",                                        308.90
210,SIGS2,                                        8.06,                                        0.14,                                        1.77,                                        8.06,                                        8.06,                                        8.06,"                                        8,000.00",                                        7.92
211,SIKLES,                                        365.00,                                        0.00,                                        0.00,                                        360.10,                                        372.30,                                        359.00,"                                        12,303.00",                                        365.00
212,SIL,                                        498.70,                                        -0.30,                                        -0.06,                                        508.90,                                        508.90,                                        493.00,                                        782.00,                                        499.00
213,SINDU,                                        257.70,                                        -4.30,                                        -1.64,                                        257.00,                                        265.00,                                        253.10,"                                        2,488.00",                                        262.00
214,SJCL,                                        222.40,                                        -2.60,                                        -1.16,                                        221.00,                                        224.00,                                        221.00,"                                        1,490.00",                                        225.00
215,SKBBL,"                                        1,132.00",                                        4.70,                                        0.42,"                                        1,149.80","                                        1,149.80","                                        1,127.00","                                        10,494.00","                                        1,127.30"
216,SLBBL,                                        826.00,                                        -17.00,                                        -2.02,                                        830.10,                                        835.00,                                        826.00,"                                        2,421.00",                                        843.00
217,SLBSL,"                                        1,200.00",                                        9.80,                                        0.82,"                                        1,200.00","                                        1,200.00","                                        1,170.00",                                        315.00,"                                        1,190.20"
218,SLCF,                                        7.29,                                        0.18,                                        2.53,                                        7.15,                                        7.29,                                        7.15,"                                        20,059.00",                                        7.11
219,SMATA,                                        731.00,                                        8.00,                                        1.11,                                        718.20,                                        731.30,                                        717.00,                                        383.00,                                        723.00
220,SMFBS,"                                        1,375.00",                                        -44.00,                                        -3.10,"                                        1,390.70","                                        1,390.70","                                        1,370.00",                                        186.00,"                                        1,419.00"
221,SNMAPO,                                        151.00,                                        0.00,                                        0.00,                                        151.00,                                        151.00,                                        151.00,"                                        5,100,000.00",                                        151.00
222,SPC,                                        393.00,                                        -7.00,                                        -1.75,                                        392.00,                                        405.00,                                        392.00,"                                        1,870.00",                                        400.00
223,SPDL,                                        264.10,                                        -0.90,                                        -0.34,                                        265.00,                                        267.00,                                        263.00,"                                        11,428.00",                                        265.00
224,SPHL,                                        359.00,                                        3.00,                                        0.84,                                        350.60,                                        359.10,                                        350.60,"                                        3,060.00",                                        356.00
225,SRBL,                                        190.00,                                        -1.20,                                        -0.63,                                        191.20,                                        191.20,                                        190.00,"                                        15,611.00",                                        191.20
226,SSHL,                                        178.00,                                        -1.50,                                        -0.84,                                        177.00,                                        179.70,                                        176.20,"                                        6,339.00",                                        179.50
227,STC,"                                        3,640.00",                                        -40.00,                                        -1.09,"                                        3,650.00","                                        3,650.00","                                        3,611.20",                                        643.00,"                                        3,680.00"
228,SWBBL,"                                        1,204.00",                                        5.00,                                        0.42,"                                        1,190.00","                                        1,213.00","                                        1,190.00","                                        1,734.00","                                        1,199.00"
229,SWMF,                                        709.00,                                        3.00,                                        0.42,                                        694.10,                                        709.00,                                        694.00,"                                        1,041.00",                                        706.00
230,TPC,                                        329.00,                                        -6.90,                                        -2.05,                                        340.00,                                        340.00,                                        324.50,                                        108.00,                                        335.90
231,TRH,                                        344.00,                                        1.00,                                        0.29,                                        341.00,                                        345.10,                                        341.00,"                                        3,571.00",                                        343.00
232,UHEWA,                                        367.90,                                        9.00,                                        2.51,                                        352.20,                                        369.00,                                        347.00,"                                        9,933.00",                                        358.90
233,UIC,                                        345.10,                                        -4.90,                                        -1.40,                                        343.20,                                        349.80,                                        343.00,"                                        1,875.00",                                        350.00
234,ULBSL,"                                        3,489.00",                                        39.00,                                        1.13,"                                        3,490.00","                                        3,490.00","                                        3,455.10",                                        370.00,"                                        3,450.00"
235,UMHL,                                        229.50,                                        -1.10,                                        -0.48,                                        235.20,                                        235.20,                                        226.00,"                                        20,908.00",                                        230.60
236,UMRH,                                        412.00,                                        -6.50,                                        -1.55,                                        410.20,                                        418.40,                                        402.00,"                                        6,550.00",                                        418.50
237,UNHPL,                                        190.00,                                        -3.40,                                        -1.76,                                        190.00,                                        193.90,                                        189.60,"                                        14,198.00",                                        193.40
238,UNL,"                                        18,360.10",                                        -239.90,                                        -1.29,"                                        18,500.00","                                        18,500.00","                                        18,360.10",                                        80.00,"                                        18,600.00"
239,UPCL,                                        216.00,                                        0.00,                                        0.00,                                        212.20,                                        219.00,                                        212.20,"                                        28,985.00",                                        216.00
240,UPPER,                                        372.00,                                        -4.00,                                        -1.06,                                        371.00,                                        376.00,                                        370.50,"                                        13,102.00",                                        376.00
241,USHEC,                                        249.00,                                        2.60,                                        1.06,                                        242.10,                                        249.90,                                        242.10,"                                        5,675.00",                                        246.40
242,USLB,                                        900.00,                                        16.00,                                        1.81,                                        901.00,                                        901.00,                                        890.00,                                        392.00,                                        884.00
243,VLBS,                                        835.00,                                        15.00,                                        1.83,                                        815.00,                                        836.00,                                        815.00,"                                        1,024.00",                                        820.00
244,WNLB,                                        900.00,                                        0.00,                                        0.00,                                        900.00,                                        900.00,                                        900.00,                                        30.00,                                        900.00
